{
    "bow_None_trees100_depthNone_ccp0.0": {
        "0": {
            "precision": 0.7882653061224489,
            "recall": 0.7219626168224299,
            "f1-score": 0.7536585365853659,
            "support": 428.0
        },
        "1": {
            "precision": 0.7520833333333333,
            "recall": 0.8130630630630631,
            "f1-score": 0.7813852813852814,
            "support": 444.0
        },
        "accuracy": 0.768348623853211,
        "macro avg": {
            "precision": 0.7701743197278912,
            "recall": 0.7675128399427464,
            "f1-score": 0.7675219089853236,
            "support": 872.0
        },
        "weighted avg": {
            "precision": 0.7698423750234038,
            "recall": 0.768348623853211,
            "f1-score": 0.7677762827908273,
            "support": 872.0
        }
    },
    "bow_custom_30_trees300_depthNone_ccp0.0": {
        "0": {
            "precision": 0.8064516129032258,
            "recall": 0.7593457943925234,
            "f1-score": 0.7821901323706378,
            "support": 428.0
        },
        "1": {
            "precision": 0.7803837953091685,
            "recall": 0.8243243243243243,
            "f1-score": 0.8017524644030668,
            "support": 444.0
        },
        "accuracy": 0.7924311926605505,
        "macro avg": {
            "precision": 0.7934177041061972,
            "recall": 0.7918350593584238,
            "f1-score": 0.7919712983868523,
            "support": 872.0
        },
        "weighted avg": {
            "precision": 0.7931785498163434,
            "recall": 0.7924311926605505,
            "f1-score": 0.7921507693229296,
            "support": 872.0
        }
    },
    "bow_custom_50_trees100_depthNone_ccp0.0": {
        "0": {
            "precision": 0.7911227154046997,
            "recall": 0.7079439252336449,
            "f1-score": 0.7472256473489519,
            "support": 428.0
        },
        "1": {
            "precision": 0.7443762781186094,
            "recall": 0.8198198198198198,
            "f1-score": 0.7802786709539121,
            "support": 444.0
        },
        "accuracy": 0.7649082568807339,
        "macro avg": {
            "precision": 0.7677494967616545,
            "recall": 0.7638818725267323,
            "f1-score": 0.763752159151432,
            "support": 872.0
        },
        "weighted avg": {
            "precision": 0.7673206303645344,
            "recall": 0.7649082568807339,
            "f1-score": 0.7640553979001014,
            "support": 872.0
        }
    },
    "bow_custom_100_trees200_depthNone_ccp0.0": {
        "0": {
            "precision": 0.776566757493188,
            "recall": 0.6658878504672897,
            "f1-score": 0.7169811320754716,
            "support": 428.0
        },
        "1": {
            "precision": 0.7168316831683168,
            "recall": 0.8153153153153153,
            "f1-score": 0.7629083245521602,
            "support": 444.0
        },
        "accuracy": 0.7419724770642202,
        "macro avg": {
            "precision": 0.7466992203307524,
            "recall": 0.7406015828913025,
            "f1-score": 0.7399447283138159,
            "support": 872.0
        },
        "weighted avg": {
            "precision": 0.7461511921259371,
            "recall": 0.7419724770642202,
            "f1-score": 0.7403660787035102,
            "support": 872.0
        }
    },
    "bow_custom_200_trees200_depthNone_ccp0.0": {
        "0": {
            "precision": 0.7456359102244389,
            "recall": 0.6985981308411215,
            "f1-score": 0.721351025331725,
            "support": 428.0
        },
        "1": {
            "precision": 0.7261146496815286,
            "recall": 0.7702702702702703,
            "f1-score": 0.7475409836065574,
            "support": 444.0
        },
        "accuracy": 0.7350917431192661,
        "macro avg": {
            "precision": 0.7358752799529837,
            "recall": 0.7344342005556959,
            "f1-score": 0.7344460044691412,
            "support": 872.0
        },
        "weighted avg": {
            "precision": 0.7356961858195625,
            "recall": 0.7350917431192661,
            "f1-score": 0.7346862793156993,
            "support": 872.0
        }
    },
    "tfidf_None_trees300_depthNone_ccp0.0": {
        "0": {
            "precision": 0.744874715261959,
            "recall": 0.764018691588785,
            "f1-score": 0.754325259515571,
            "support": 428.0
        },
        "1": {
            "precision": 0.766743648960739,
            "recall": 0.7477477477477478,
            "f1-score": 0.7571265678449259,
            "support": 444.0
        },
        "accuracy": 0.7557339449541285,
        "macro avg": {
            "precision": 0.7558091821113491,
            "recall": 0.7558832196682663,
            "f1-score": 0.7557259136802484,
            "support": 872.0
        },
        "weighted avg": {
            "precision": 0.7560098145306039,
            "recall": 0.7557339449541285,
            "f1-score": 0.7557516137566646,
            "support": 872.0
        }
    },
    "tfidf_custom_30_trees300_depthNone_ccp0.0": {
        "0": {
            "precision": 0.7521367521367521,
            "recall": 0.822429906542056,
            "f1-score": 0.7857142857142857,
            "support": 428.0
        },
        "1": {
            "precision": 0.8118811881188119,
            "recall": 0.7387387387387387,
            "f1-score": 0.7735849056603774,
            "support": 444.0
        },
        "accuracy": 0.7798165137614679,
        "macro avg": {
            "precision": 0.782008970127782,
            "recall": 0.7805843226403975,
            "f1-score": 0.7796495956873315,
            "support": 872.0
        },
        "weighted avg": {
            "precision": 0.7825570842193605,
            "recall": 0.7798165137614679,
            "f1-score": 0.7795383169712407,
            "support": 872.0
        }
    },
    "tfidf_custom_50_trees200_depthNone_ccp0.0": {
        "0": {
            "precision": 0.7767857142857143,
            "recall": 0.8130841121495327,
            "f1-score": 0.7945205479452054,
            "support": 428.0
        },
        "1": {
            "precision": 0.8113207547169812,
            "recall": 0.7747747747747747,
            "f1-score": 0.7926267281105991,
            "support": 444.0
        },
        "accuracy": 0.7935779816513762,
        "macro avg": {
            "precision": 0.7940532345013478,
            "recall": 0.7939294434621538,
            "f1-score": 0.7935736380279023,
            "support": 872.0
        },
        "weighted avg": {
            "precision": 0.7943700697346621,
            "recall": 0.7935779816513762,
            "f1-score": 0.7935562635340068,
            "support": 872.0
        }
    },
    "tfidf_custom_100_trees300_depthNone_ccp0.0": {
        "0": {
            "precision": 0.7616822429906542,
            "recall": 0.7616822429906542,
            "f1-score": 0.7616822429906542,
            "support": 428.0
        },
        "1": {
            "precision": 0.7702702702702703,
            "recall": 0.7702702702702703,
            "f1-score": 0.7702702702702703,
            "support": 444.0
        },
        "accuracy": 0.7660550458715596,
        "macro avg": {
            "precision": 0.7659762566304622,
            "recall": 0.7659762566304622,
            "f1-score": 0.7659762566304622,
            "support": 872.0
        },
        "weighted avg": {
            "precision": 0.7660550458715596,
            "recall": 0.7660550458715596,
            "f1-score": 0.7660550458715596,
            "support": 872.0
        }
    },
    "tfidf_custom_200_trees200_depthNone_ccp0.0": {
        "0": {
            "precision": 0.750599520383693,
            "recall": 0.7313084112149533,
            "f1-score": 0.7408284023668639,
            "support": 428.0
        },