{
    "accuracy": 0.7752293577981652,
    "error_rate": 0.22477064220183485,
    "mcc": 0.550326431745211,
    "report": {
        "0": {
            "precision": 0.7801932367149759,
            "recall": 0.7546728971962616,
            "f1-score": 0.7672209026128266,
            "support": 428.0
        },
        "1": {
            "precision": 0.7707423580786026,
            "recall": 0.795045045045045,
            "f1-score": 0.7827050997782705,
            "support": 444.0
        },
        "accuracy": 0.7752293577981652,
        "macro avg": {
            "precision": 0.7754677973967892,
            "recall": 0.7748589711206533,
            "f1-score": 0.7749630011955486,
            "support": 872.0
        },
        "weighted avg": {
            "precision": 0.7753810920881986,
            "recall": 0.7752293577981652,
            "f1-score": 0.7751050580502774,
            "support": 872.0
        }
    },
    "confusion_matrix": [
        [
            323,
            105
        ],
        [
            91,
            353
        ]
    ],
    "pred_time": 0.03376340866088867
}