{
    "bow_None_n150_d0": {
        "0": {
            "precision": 0.7680798004987531,
            "recall": 0.719626168224299,
            "f1-score": 0.7430639324487334,
            "support": 428.0
        },
        "1": {
            "precision": 0.7452229299363057,
            "recall": 0.7905405405405406,
            "f1-score": 0.7672131147540984,
            "support": 444.0
        },
        "accuracy": 0.7557339449541285,
        "macro avg": {
            "precision": 0.7566513652175294,
            "recall": 0.7550833543824198,
            "f1-score": 0.7551385236014159,
            "support": 872.0
        },
        "weighted avg": {
            "precision": 0.7564416691573235,
            "recall": 0.7557339449541285,
            "f1-score": 0.7553600757326577,
            "support": 872.0
        }
    },
    "bow_english_n150_d0": {
        "0": {
            "precision": 0.7952522255192879,
            "recall": 0.6261682242990654,
            "f1-score": 0.7006535947712418,
            "support": 428.0
        },
        "1": {
            "precision": 0.7009345794392523,
            "recall": 0.8445945945945946,
            "f1-score": 0.7660878447395302,
            "support": 444.0
        },
        "accuracy": 0.7373853211009175,
        "macro avg": {
            "precision": 0.74809340247927,
            "recall": 0.7353814094468301,
            "f1-score": 0.733370719755386,
            "support": 872.0
        },
        "weighted avg": {
            "precision": 0.7472281029739487,
            "recall": 0.7373853211009175,
            "f1-score": 0.7339710339752785,
            "support": 872.0
        }
    },
    "bow_custom_20_n150_d0": {
        "0": {
            "precision": 0.7855421686746988,
            "recall": 0.7616822429906542,
            "f1-score": 0.7734282325029656,
            "support": 428.0
        },
        "1": {
            "precision": 0.7768052516411379,
            "recall": 0.7995495495495496,
            "f1-score": 0.7880133185349611,
            "support": 444.0
        },
        "accuracy": 0.7809633027522935,
        "macro avg": {
            "precision": 0.7811737101579184,
            "recall": 0.780615896270102,
            "f1-score": 0.7807207755189634,
            "support": 872.0
        },
        "weighted avg": {
            "precision": 0.7810935549557756,
            "recall": 0.7809633027522935,
            "f1-score": 0.7808545836476973,
            "support": 872.0
        }
    },
    "bow_custom_30_n150_d0": {
        "0": {
            "precision": 0.8070175438596491,
            "recall": 0.7523364485981309,
            "f1-score": 0.7787182587666264,
            "support": 428.0
        },
        "1": {
            "precision": 0.7758985200845666,
            "recall": 0.8265765765765766,
            "f1-score": 0.8004362050163577,
            "support": 444.0
        },
        "accuracy": 0.7901376146788991,
        "macro avg": {
            "precision": 0.7914580319721078,
            "recall": 0.7894565125873537,
            "f1-score": 0.789577231891492,
            "support": 872.0
        },
        "weighted avg": {
            "precision": 0.7911725363411438,
            "recall": 0.7901376146788991,
            "f1-score": 0.7897764791047923,
            "support": 872.0
        }
    },
    "bow_custom_50_n150_d0": {
        "0": {
            "precision": 0.7923076923076923,
            "recall": 0.7219626168224299,
            "f1-score": 0.7555012224938875,
            "support": 428.0
        },
        "1": {
            "precision": 0.7531120331950207,
            "recall": 0.8175675675675675,
            "f1-score": 0.7840172786177105,
            "support": 444.0
        },
        "accuracy": 0.7706422018348624,
        "macro avg": {
            "precision": 0.7727098627513564,
            "recall": 0.7697650921949988,
            "f1-score": 0.7697592505557991,
            "support": 872.0
        },
        "weighted avg": {
            "precision": 0.7723502695484878,
            "recall": 0.7706422018348624,
            "f1-score": 0.7700208657495955,
            "support": 872.0
        }
    },
    "tfidf_None_n150_d0": {
        "0": {
            "precision": 0.7505720823798627,
            "recall": 0.7663551401869159,
            "f1-score": 0.7583815028901734,
            "support": 428.0
        },
        "1": {
            "precision": 0.7701149425287356,
            "recall": 0.7545045045045045,
            "f1-score": 0.7622298065984073,
            "support": 444.0
        },
        "accuracy": 0.7603211009174312,
        "macro avg": {
            "precision": 0.7603435124542992,
            "recall": 0.7604298223457102,
            "f1-score": 0.7603056547442903,
            "support": 872.0
        },
        "weighted avg": {
            "precision": 0.760522804749243,
            "recall": 0.7603211009174312,
            "f1-score": 0.760340960282898,
            "support": 872.0
        }
    },
    "tfidf_english_n150_d0": {
        "0": {
            "precision": 0.7518072289156627,
            "recall": 0.7289719626168224,
            "f1-score": 0.7402135231316725,
            "support": 428.0
        },
        "1": {
            "precision": 0.7461706783369803,
            "recall": 0.7680180180180181,
            "f1-score": 0.7569367369589345,
            "support": 444.0
        },
        "accuracy": 0.7488532110091743,
        "macro avg": {
            "precision": 0.7489889536263215,
            "recall": 0.7484949903174203,
            "f1-score": 0.7485751300453035,
            "support": 872.0
        },
        "weighted avg": {
            "precision": 0.7489372421531225,
            "recall": 0.7488532110091743,
            "f1-score": 0.7487285540253701,
            "support": 872.0
        }
    },
    "tfidf_custom_20_n150_d0": {
        "0": {
            "precision": 0.7479338842975206,
            "recall": 0.8457943925233645,
            "f1-score": 0.793859649122807,
            "support": 428.0
        },
        "1": {
            "precision": 0.8298969072164949,
            "recall": 0.7252252252252253,
            "f1-score": 0.7740384615384616,
            "support": 444.0
        },
        "accuracy": 0.7844036697247706,
        "macro avg": {
            "precision": 0.7889153957570078,
            "recall": 0.7855098088742949,
            "f1-score": 0.7839490553306343,
            "support": 872.0
        },
        "weighted avg": {
            "precision": 0.7896673500957141,
            "recall": 0.7844036697247706,
            "f1-score": 0.7837672095729799,
            "support": 872.0
        }
    },
    "tfidf_custom_30_n150_d0": {
        "0": {
            "precision": 0.7569892473118279,
            "recall": 0.822429906542056,
            "f1-score": 0.7883538633818589,
            "support": 428.0
        },
        "1": {
            "precision": 0.8132678132678133,
            "recall": 0.7454954954954955,
            "f1-score": 0.7779083431257344,
            "support": 444.0
        },
        "accuracy": 0.783256880733945,
        "macro avg": {
            "precision": 0.7851285302898205,
            "recall": 0.7839627010187757,
            "f1-score": 0.7831311032537966,
            "support": 872.0
        },
        "weighted avg": {
            "precision": 0.7856448474086829,
            "recall": 0.783256880733945,
            "f1-score": 0.7830352727927312,
            "support": 872.0
        }
    },
    "tfidf_custom_50_n150_d0": {
        "0": {
            "precision": 0.7736720554272517,
            "recall": 0.7827102803738317,
            "f1-score": 0.778164924506388,
            "support": 428.0
        },
        "1": {
            "precision": 0.7881548974943052,
            "recall": 0.7792792792792793,
            "f1-score": 0.7836919592298981,
            "support": 444.0
        },
        "accuracy": 0.7809633027522935,